﻿{"cameraMode":{"drawMode":0,"name":"Shaded","section":"Shading Mode"},"sceneLighting":true,"audioPlay":false,"sceneViewState":{"showFog":true,"showMaterialUpdate":false,"showSkybox":true,"showFlares":true,"showImageEffects":true,"showParticleSystems":true},"in2DMode":false,"pivot":{"x":3.148838520050049,"y":2.6202378273010256,"z":-0.34333205223083498},"rotation":{"x":-0.12110316753387451,"y":0.6457392573356628,"z":-0.10474549978971482,"w":-0.7465810775756836},"size":21.68218231201172,"orthographic":false}