﻿{"cameraMode":{"drawMode":0,"name":"Shaded","section":"Shading Mode"},"sceneLighting":true,"audioPlay":false,"sceneViewState":{"showFog":true,"showMaterialUpdate":false,"showSkybox":true,"showFlares":true,"showImageEffects":true,"showParticleSystems":true},"in2DMode":false,"pivot":{"x":4.761990547180176,"y":9.677486419677735,"z":-0.0798783004283905},"rotation":{"x":-0.0744958370923996,"y":0.057709772139787677,"z":0.004318299237638712,"w":0.9955407977104187},"size":31.535255432128908,"orthographic":false}